Domain,Malware,Date added,Source
apunte.com.do,emotet,2018-11-28,URLhaus
farida.ddns.net,revenge,2018-11-28,ScumBots
chakreerkhobor.com,emotet,2018-11-27,URLhaus
click.expertsmeetings.org,emotet,2018-11-27,URLhaus
ashdodonline.info,emotet,2018-11-27,URLhaus
ballroom22.ru,emotet,2018-11-27,URLhaus
animalrescueis.us,emotet,2018-11-27,URLhaus
cybrkd.ddns.net,njrat,2018-11-27,ScumBots
andreaahumada.cl,emotet,2018-11-27,URLhaus
avpvegetables.com,emotet,2018-11-27,URLhaus
36scanniointeriors.com,emotet,2018-11-27,URLhaus
ajkerlist.com,emotet,2018-11-27,URLhaus
getrich.cash,emotet,2018-11-27,URLhaus
bonnyfashiontex.com,emotet,2018-11-27,URLhaus
benchover.cn,emotet,2018-11-27,URLhaus
vmphotograph.com,emotet,2018-11-27,URLhaus
avtopodbor-barnaul.ru,emotet,2018-11-27,URLhaus
autopartsnetwork.com.ua,emotet,2018-11-27,URLhaus
vitaliberatatraining.com,emotet,2018-11-27,URLhaus
bacsise.vn,emotet,2018-11-27,URLhaus
tmassets.com.bd,emotet,2018-11-27,URLhaus
suddenuser377.ddns.net,njrat,2018-11-27,ScumBots
ayoub6284.ddns.net,njrat,2018-11-27,ScumBots
advicematters.org,emotet,2018-11-27,URLhaus
appschip.com,emotet,2018-11-27,URLhaus
ayoube920.hopto.org,njrat,2018-11-27,ScumBots
sphinx-tour.com,emotet,2018-11-27,URLhaus
egyptecotours.com,emotet,2018-11-27,URLhaus
ayamgeprekidola.com,emotet,2018-11-27,URLhaus
bladefitness.in,emotet,2018-11-27,URLhaus
bakunthnathcollege.org.in,emotet,2018-11-27,URLhaus
bakunthnathcollege.org.inoid7y2yp,emotet,2018-11-27,URLhaus
31noble.comvn9ebhoil,emotet,2018-11-27,URLhaus
amdcspn.orgxnstxdxjkt,emotet,2018-11-27,URLhaus
aquarell.spb.ruhsappjpwc,emotet,2018-11-27,URLhaus
barenaturalhealthandbeauty.com,emotet,2018-11-27,URLhaus
fij-projet3.be,retefe,2018-11-27,URLhaus
egyptecotours.comaaw5tz,emotet,2018-11-27,URLhaus
secretariaextension.unt.edu.arwp-content,emotet,2018-11-27,URLhaus
sphinx-tour.commy1fugwv,emotet,2018-11-27,URLhaus
venturemeets.comgeqdv4,emotet,2018-11-27,URLhaus
nowley-rus.ruadministrator,emotet,2018-11-27,URLhaus
klychenogg.com,ursnif,2018-11-27,URLhaus
niki-gmhb.com,lokibot,2018-11-27,CyberCrime
myunlock.net,emotet,2018-11-27,URLhaus
veranorock.at,emotet,2018-11-27,URLhaus
lefter.bit,kpot,2018-11-27,Benkow
gafigaf.in,azorult,2018-11-27,Benkow
thereeloflife.com,emotet,2018-11-27,URLhaus
unboxingtoycon.mx,emotet,2018-11-27,URLhaus
fruteriascapellan.com,emotet,2018-11-27,URLhaus
xn---74-5cdy7cbipke.xn--p1ai,emotet,2018-11-27,URLhaus
ithubainternships.co.za,emotet,2018-11-27,URLhaus
deity.ddns.net,njrat,2018-11-27,ScumBots
yeetyeeter.ddns.net,nanocore,2018-11-27,ScumBots
masterzion.ddns.net,nanocore,2018-11-27,ScumBots
oxaggebrer.com,ursnif,2018-11-27,URLhaus
weloveanimals.net,emotet,2018-11-27,URLhaus
kientrucviet24h.com,emotet,2018-11-27,URLhaus
joshton.ddns.net,njratgold,2018-11-27,ScumBots
okna-43.ru,emotet,2018-11-26,URLhaus
142.ip-164-132-197.eu,emotet,2018-11-26,URLhaus
uwrouwdrukwerk.frl,emotet,2018-11-26,URLhaus
expertessaywriting.co.uk,emotet,2018-11-26,URLhaus
hashaszade.com,emotet,2018-11-26,URLhaus
delaimmobilier.com,emotet,2018-11-26,URLhaus
chalets4saisonsauquebec.ca,emotet,2018-11-26,URLhaus
ecampus.mk,emotet,2018-11-26,URLhaus
erouaelmgp.zapto.org,njrat,2018-11-26,ScumBots
destinysbeautydestination.com,emotet,2018-11-26,URLhaus
xn----8sbabrd9ajz.xn--p1ai,emotet,2018-11-26,URLhaus
na01.safelinks.protection.outlook.com,emotet,2018-11-26,URLhaus
radio312.com,emotet,2018-11-26,URLhaus
ejercitodemaquinas.com,emotet,2018-11-26,URLhaus
student.spsbv.cz,emotet,2018-11-26,URLhaus
obd.cvts.ng,emotet,2018-11-26,URLhaus
rohani7.com,emotet,2018-11-26,URLhaus
audlearn.com,emotet,2018-11-26,URLhaus
onetouchbusiness.cl,emotet,2018-11-26,URLhaus
refugeeair.org,emotet,2018-11-26,URLhaus
jiuge168.com,emotet,2018-11-26,URLhaus
nowley-rus.ru,emotet,2018-11-26,URLhaus
prezident-prof.ru,emotet,2018-11-26,URLhaus
tabungansiswa.tk,emotet,2018-11-26,URLhaus
cach.2d73.ru,emotet,2018-11-26,URLhaus
maximinilife.com,emotet,2018-11-26,URLhaus
greatvacationgiveaways.com,emotet,2018-11-26,URLhaus
pepe920.ddns.net,njrat,2018-11-26,ScumBots
pdf-compare.site,danabot,2018-11-26,URLhaus
pdf-compare.space,danabot,2018-11-26,URLhaus
youbtube59920.hopto.org,njrat,2018-11-26,ScumBots
giu4.bit,kpot,2018-11-26,Benkow
dreamportalz.us,pony,2018-11-26,CyberCrime
new.invisiblecreations.nl,emotet,2018-11-26,URLhaus
healthcuresandremedies.site,troldesh,2018-11-26,URLhaus
mmfff.ddns.net,njrat,2018-11-25,ScumBots
bymixterix22.duckdns.org,njrat,2018-11-25,ScumBots
ibrak.ddns.net,njrat,2018-11-25,ScumBots
facebook.security.id.site.avgup.linkpc.net,njrat,2018-11-25,ScumBots
gandcrab505.ddns.net,gandcrab,2018-11-25,URLhaus
bedwipro987.ddns.net,njrat,2018-11-25,ScumBots
inquiry.space,azorult,2018-11-24,URLhaus
rararara.ddns.net,njrat,2018-11-24,ScumBots
defaltroot.duckdns.org,njrat,2018-11-24,ScumBots
hidayahinhil.com,lokibot,2018-11-24,URLhaus
office365update.duckdns.org,revenge,2018-11-24,ScumBots
ifcjohannesburg.org,nanocore,2018-11-24,URLhaus
monteglobal.co,formbook,2018-11-24,URLhaus
blakbass.linkpc.net,njrat,2018-11-24,ScumBots
bakgood.ddns.net,njrat,2018-11-24,ScumBots
joshinvestment.pro,hawkeye,2018-11-23,URLhaus
microsoftupdate.dynamicdns.org.uk,remcos,2018-11-23,URLhaus
salon-gabriela.pl,emotet,2018-11-23,URLhaus
lifewithdogmovie.com,emotet,2018-11-23,URLhaus
shop-contact.online,emotet,2018-11-23,URLhaus
eddietravel.marigoldcatba.com,emotet,2018-11-23,URLhaus
remajaminangbatam.org,emotet,2018-11-23,URLhaus
deguena.com,nymaim,2018-11-23,URLhaus
magicscreenapp.fun,gozi,2018-11-23,URLhaus
nimsnowshera.edu.pk,emotet,2018-11-23,URLhaus
hdswacable.com,remcos,2018-11-23,URLhaus
ampersandindia.com,emotet,2018-11-23,URLhaus
taxngain.com,emotet,2018-11-23,URLhaus
web.webmonero.club,kpot,2018-11-23,Benkow
oputaobie.eu,lokibot,2018-11-23,VirusTracker
mandujano.net,emotet,2018-11-23,URLhaus
creativeagency.biz,emotet,2018-11-23,URLhaus
brgsabz.com,emotet,2018-11-23,URLhaus
orolemonge.com,ursnif,2018-11-23,URLhaus
visten23.ru,nymaim,2018-11-23,URLhaus
shermancohen.com,nymaim,2018-11-23,URLhaus
stroim-dom45.ru,emotet,2018-11-23,URLhaus
dobi.nl,emotet,2018-11-23,URLhaus
deepxstate.org,danabot,2018-11-23,URLhaus
smartxstate.org,danabot,2018-11-23,URLhaus
microsoft-store.sytes.net,njrat,2018-11-23,ScumBots
jsplivenews.com,emotet,2018-11-23,URLhaus
mindspeak.co,emotet,2018-11-23,URLhaus
forestbooks.cn,emotet,2018-11-23,URLhaus
vladimirfilin.com,emotet,2018-11-23,URLhaus
eissaalfahim.com,emotet,2018-11-23,URLhaus
novashr.com,troldesh,2018-11-22,URLhaus
camilastexmex.com,troldesh,2018-11-22,URLhaus
zp1.duckdns.org,adwind,2018-11-22,URLhaus
ghthf.cf,pony,2018-11-22,URLhaus
kjdfhg234d.ru,godzilla,2018-11-22,CyberCrime
pronetworksgroup.com,trickbot,2018-11-22,URLhaus
welinescon.com,gozi,2018-11-22,URLhaus
gogicinbre.com,gozi,2018-11-22,URLhaus
karmakorm.ru,heodo,2018-11-22,URLhaus
cosmoservicios.cl,emotet,2018-11-22,URLhaus
cadeaux.hopto.org,njrat,2018-11-22,ScumBots
pibuilding.com,emotet,2018-11-22,URLhaus
elmamlka.linkpc.net,njrat,2018-11-22,ScumBots
inaczasie.pl,emotet,2018-11-22,URLhaus
emrsesp.com,emotet,2018-11-22,URLhaus
hackingcria.ddns.net,njrat,2018-11-22,ScumBots
xmr.linkpc.net,njrat,2018-11-21,ScumBots
tehranbehdasht.org,troldesh,2018-11-21,URLhaus
jtbplumbing.co.uk,heodo,2018-11-21,URLhaus
pocoxxmas.gq,pony,2018-11-21,VirusTracker
river-wave.info,heodo,2018-11-21,URLhaus
knofoto.ru,emotet,2018-11-21,URLhaus
kupigadget.store,emotet,2018-11-21,URLhaus
flatwhitecoworking.ru,emotet,2018-11-21,URLhaus
maxstroy.su,emotet,2018-11-21,URLhaus
56q.ru,emotet,2018-11-21,URLhaus
cleaninggrad.com,emotet,2018-11-21,URLhaus
arm-land-uae.com,emotet,2018-11-21,URLhaus
lift43.ru,emotet,2018-11-21,URLhaus
onlyapteka.ru,emotet,2018-11-21,URLhaus
pinnaclestudio.ru,emotet,2018-11-21,URLhaus
dizayntualeta.ru,emotet,2018-11-21,URLhaus
balerinka56.ru,emotet,2018-11-21,URLhaus
naruznaya-saratov.ru,emotet,2018-11-21,URLhaus
ipaspb.ru,emotet,2018-11-21,URLhaus
dvastudio.ru,emotet,2018-11-21,URLhaus
balkonnyy.ru,emotet,2018-11-21,URLhaus
atk-atlas.ru,emotet,2018-11-21,URLhaus
instamodeles.ru,emotet,2018-11-21,URLhaus
artstroiteley.ru,emotet,2018-11-21,URLhaus
fryktis.ru,emotet,2018-11-21,URLhaus
34er.website,diamondfox,2018-11-21,ScumBots
eduscore.org,retefe,2018-11-21,URLhaus
bekamp3.com,troldesh,2018-11-21,URLhaus
egyptgattours.com,emotet,2018-11-21,URLhaus
kavara.in,emotet,2018-11-21,URLhaus
e-video.billioncart.in,emotet,2018-11-21,URLhaus
4allwoman.ru,emotet,2018-11-21,URLhaus
diz-hc.ru,emotet,2018-11-21,URLhaus
xn----7sbbae3bn0bphij.xn--80adxhks,emotet,2018-11-21,URLhaus
bellaechicc.com,emotet,2018-11-21,URLhaus
rems.tech,emotet,2018-11-21,URLhaus
ledbest.ru,emotet,2018-11-21,URLhaus
2d73.ru,emotet,2018-11-21,URLhaus
friskyeliquid.com,emotet,2018-11-20,URLhaus
egyptmotours.com,emotet,2018-11-20,URLhaus
anora71.uz,emotet,2018-11-20,URLhaus
trixi777.org,azorult,2018-11-20,Benkow
sibgigant-promo.ru,emotet,2018-11-20,URLhaus
partner.targoapp.ru,emotet,2018-11-20,URLhaus
cookienotti.ru,emotet,2018-11-20,URLhaus
skalesause.com,azorult,2018-11-20,Benkow
projectyardd.top,azorult,2018-11-20,Benkow
polskacoffee.org,azorult,2018-11-20,Benkow
pointsteel.net,azorult,2018-11-20,Benkow
ms12hinet.com,lokibot,2018-11-20,Benkow
mamujeeproduct.com,lokibot,2018-11-20,Benkow
getrichordietrying48.com,azorult,2018-11-20,Benkow
getrichordietrying428.com,azorult,2018-11-20,Benkow
funyday.cc,azorult,2018-11-20,Benkow
eastern1961-sg.com,lokibot,2018-11-20,Benkow
diy-fumiture.com,azorult,2018-11-20,Benkow
corvandbro.biz,azorult,2018-11-20,Benkow
bredogeneration123.com,azorult,2018-11-20,Benkow
baonlineinc.com,azorult,2018-11-20,Benkow
asd71.com,azorult,2018-11-20,Benkow
lovelysmiley.com,emotet,2018-11-20,URLhaus
debt-conflict.ru,emotet,2018-11-20,URLhaus
standart-uk.ru,emotet,2018-11-20,URLhaus
xn--b1agpzh0e.xn--80adxhks,emotet,2018-11-20,URLhaus
astramedvil.ru,emotet,2018-11-20,URLhaus
exhaustedboy.myftp.biz,njrat,2018-11-20,ScumBots
f.coka.la,nanocore,2018-11-20,URLhaus
luckyfollowme.xyz,azorult,2018-11-20,URLhaus
dctamc.com,emotet,2018-11-20,URLhaus
56ace.website,diamondfox,2018-11-20,ScumBots
wassedfast.com,ursnif,2018-11-20,URLhaus
relativitypm.com,ursnif,2018-11-20,URLhaus
dustyprairie.com,retefe,2018-11-20,URLhaus
formation-sinistre.eu,azorult,2018-11-20,URLhaus
astro-icsa.ru,emotet,2018-11-20,URLhaus
23ace.site,diamondfox,2018-11-19,ScumBots
uemaweb.com,emotet,2018-11-19,URLhaus
english315portal.endlesss.io,emotet,2018-11-19,URLhaus
artzvuk.by,emotet,2018-11-19,URLhaus
yyw114.cn,emotet,2018-11-19,URLhaus
ysti.eu,emotet,2018-11-19,URLhaus
xiegangdian.com,emotet,2018-11-19,URLhaus
webriver.website,emotet,2018-11-19,URLhaus
truongnao.com,emotet,2018-11-19,URLhaus
serenesonny.com,emotet,2018-11-19,URLhaus
reviewblock.org,emotet,2018-11-19,URLhaus
rssansani.com,emotet,2018-11-19,URLhaus
ramzansale.com,emotet,2018-11-19,URLhaus
pearlandcellphonerepair.com,emotet,2018-11-19,URLhaus
online-lifestyle.at,emotet,2018-11-19,URLhaus
omarelbalshy.com,emotet,2018-11-19,URLhaus
naturallythrivingyou.com,emotet,2018-11-19,URLhaus
maha.co.il,emotet,2018-11-19,URLhaus
mrappadvisor.com,emotet,2018-11-19,URLhaus
farban.ir,emotet,2018-11-19,URLhaus
excelengineeringbd.com,emotet,2018-11-19,URLhaus
esox.at,emotet,2018-11-19,URLhaus
conectacontualma.com,emotet,2018-11-19,URLhaus
coudaridutyfree.com,emotet,2018-11-19,URLhaus
brahmanbariatv.com,emotet,2018-11-19,URLhaus
website.vtoc.vn,emotet,2018-11-19,URLhaus
wcfm.ca,emotet,2018-11-19,URLhaus
walle8.com,emotet,2018-11-19,URLhaus
vioprotection.com.co,emotet,2018-11-19,URLhaus
vatlieumoihanoi.com,emotet,2018-11-19,URLhaus
upnews18.com,emotet,2018-11-19,URLhaus
travel.zinmar.me,emotet,2018-11-19,URLhaus
toptierhighticket.club,emotet,2018-11-19,URLhaus
tienphongmientrung.com,emotet,2018-11-19,URLhaus
testbaerservice.com,emotet,2018-11-19,URLhaus
template.lxnewstv.com,emotet,2018-11-19,URLhaus
techsyslife.com,emotet,2018-11-19,URLhaus
technowood.co.ke,emotet,2018-11-19,URLhaus
sunshine.marinabaytranphu.com,emotet,2018-11-19,URLhaus
stoobb.nl,emotet,2018-11-19,URLhaus
sparq.co.nz,emotet,2018-11-19,URLhaus
soicautailoc.net,emotet,2018-11-19,URLhaus
snydyl.com,emotet,2018-11-19,URLhaus
server.livehostingbd.com,emotet,2018-11-19,URLhaus
servasevafoundation.in,emotet,2018-11-19,URLhaus
searchanything.in,emotet,2018-11-19,URLhaus
samedayloans.club,emotet,2018-11-19,URLhaus
ruralinnovationfund.varadev.com,emotet,2018-11-19,URLhaus
rosterfly.com,emotet,2018-11-19,URLhaus
riverwalkmb.com,emotet,2018-11-19,URLhaus
radiocuspide.com,emotet,2018-11-19,URLhaus
radienten.com,emotet,2018-11-19,URLhaus
rabotavlitve.com,emotet,2018-11-19,URLhaus
proyectosunicor-men.com,emotet,2018-11-19,URLhaus
plasdo.com,emotet,2018-11-19,URLhaus
paramo.delvasi.com,emotet,2018-11-19,URLhaus
origins.hu,emotet,2018-11-19,URLhaus
oportunidadpc.com,emotet,2018-11-19,URLhaus
onlyonnetflix.com,emotet,2018-11-19,URLhaus
oilneering.com,emotet,2018-11-19,URLhaus
nutdelden.nl,emotet,2018-11-19,URLhaus
nutraceptic.com,emotet,2018-11-19,URLhaus
nstanev.com,emotet,2018-11-19,URLhaus
nicolasbaldoma.com,emotet,2018-11-19,URLhaus
mypartscatalog.com,emotet,2018-11-19,URLhaus
motiondev.com.br,emotet,2018-11-19,URLhaus
moremony.ru,emotet,2018-11-19,URLhaus
moidom12.ru,emotet,2018-11-19,URLhaus
mixxedstyles.com,emotet,2018-11-19,URLhaus
minihungary.eu,emotet,2018-11-19,URLhaus
mediawatch360.com,emotet,2018-11-19,URLhaus
marketers24.com,emotet,2018-11-19,URLhaus
mainlis.pt,emotet,2018-11-19,URLhaus
majidi.gamecart.ir,emotet,2018-11-19,URLhaus
lunamarialovelife.com,emotet,2018-11-19,URLhaus
loungebatel.com.br,emotet,2018-11-19,URLhaus
lineindorian.com,emotet,2018-11-19,URLhaus
lifetransformar.com,emotet,2018-11-19,URLhaus
lesecuries-du-masdigau.fr,emotet,2018-11-19,URLhaus
lefim.eu,emotet,2018-11-19,URLhaus
les2salopards.com,emotet,2018-11-19,URLhaus
laundaempowerment.com,emotet,2018-11-19,URLhaus
lavande.com.tr,emotet,2018-11-19,URLhaus
krednow.ru,emotet,2018-11-19,URLhaus
krawangan.com,emotet,2018-11-19,URLhaus
kneb.pl,emotet,2018-11-19,URLhaus
kft.sk,emotet,2018-11-19,URLhaus
khmedia.org,emotet,2018-11-19,URLhaus
kdjf.guzaosf.com,emotet,2018-11-19,URLhaus
kaz.shariki1.kz,emotet,2018-11-19,URLhaus
kaminonayami.jp,emotet,2018-11-19,URLhaus
jingtianyanglao.com,emotet,2018-11-19,URLhaus
jentokonsult.com,emotet,2018-11-19,URLhaus
jedecouvrelemaroc.com,emotet,2018-11-19,URLhaus
jcagro835.com,emotet,2018-11-19,URLhaus
irss.de,emotet,2018-11-19,URLhaus
inoxgiatung.com,emotet,2018-11-19,URLhaus
ikya.ir,emotet,2018-11-19,URLhaus
ilgiardinodellevisciole.it,emotet,2018-11-19,URLhaus
idesa.cl,emotet,2018-11-19,URLhaus
hotellaspalmashmo.com,emotet,2018-11-19,URLhaus
himanyaagribs.com,emotet,2018-11-19,URLhaus
hello-areches.fr,emotet,2018-11-19,URLhaus
hd.pe,emotet,2018-11-19,URLhaus
grupoperfetto.com.br,emotet,2018-11-19,URLhaus
grupoloang.com,emotet,2018-11-19,URLhaus
gospina.com,emotet,2018-11-19,URLhaus
gondan.thinkaweb.com,emotet,2018-11-19,URLhaus
goldenyachts.customexposure.tech,emotet,2018-11-19,URLhaus
goldlandsms.com,emotet,2018-11-19,URLhaus
gold-iq.xyz,emotet,2018-11-19,URLhaus
goanbazzar.com,emotet,2018-11-19,URLhaus
gcare-support.com,emotet,2018-11-19,URLhaus
fuzhu.xingqua.cn,emotet,2018-11-19,URLhaus
fastbolt.com.au,emotet,2018-11-19,URLhaus
evocetsens.fr,emotet,2018-11-19,URLhaus
ethiccert.com,emotet,2018-11-19,URLhaus
eryilmazteknik.com,emotet,2018-11-19,URLhaus
empiresys.com.sg,emotet,2018-11-19,URLhaus
enernova.ch,emotet,2018-11-19,URLhaus
easytradeteam.co.in,emotet,2018-11-19,URLhaus
dyttugcecaglar.tk,emotet,2018-11-19,URLhaus
down1.baopu.cc,emotet,2018-11-19,URLhaus
dongybavi.com,emotet,2018-11-19,URLhaus
diaoc365.xyz,emotet,2018-11-19,URLhaus
dev-site.ovh,emotet,2018-11-19,URLhaus
demo2.aurorapro.co,emotet,2018-11-19,URLhaus
deltasdhoop.com,emotet,2018-11-19,URLhaus
decozspring.com,emotet,2018-11-19,URLhaus
cxacf.ru,emotet,2018-11-19,URLhaus
cryptoexpertblog.info,emotet,2018-11-19,URLhaus
cqfsbj.cn,emotet,2018-11-19,URLhaus
constructionsakshay.com,emotet,2018-11-19,URLhaus
cookiejar.be,emotet,2018-11-19,URLhaus
coachraymi.com,emotet,2018-11-19,URLhaus
climate-discount.ru,emotet,2018-11-19,URLhaus
chungelliott.com,emotet,2018-11-19,URLhaus
choobica.com,emotet,2018-11-19,URLhaus
chedea.eu,emotet,2018-11-19,URLhaus
casaallatorre.it,emotet,2018-11-19,URLhaus
carokane.re,emotet,2018-11-19,URLhaus
capitalbravo.ru,emotet,2018-11-19,URLhaus
camisolaamarela.pt,emotet,2018-11-19,URLhaus
birmetalciningezinotlari.com,emotet,2018-11-19,URLhaus
bfs-dc.com,emotet,2018-11-19,URLhaus
benthanhdorm.com,emotet,2018-11-19,URLhaus
behcosanat.com,emotet,2018-11-19,URLhaus
azathra.kmfkuii.org,emotet,2018-11-19,URLhaus
asperformancefrance.com,emotet,2018-11-19,URLhaus
asmnutrition.ru,emotet,2018-11-19,URLhaus
antistresstoys.xyz,emotet,2018-11-19,URLhaus
apskids.in,emotet,2018-11-19,URLhaus
alqasimtraders.com,emotet,2018-11-19,URLhaus
allsearchbd.com,emotet,2018-11-19,URLhaus
alabd-group.com,emotet,2018-11-19,URLhaus
akva-vim.ru,emotet,2018-11-19,URLhaus
ahsweater.com,emotet,2018-11-19,URLhaus
africimmo.com,emotet,2018-11-19,URLhaus
agam.jetsetsecrets.club,emotet,2018-11-19,URLhaus
aborto-legal.com,emotet,2018-11-19,URLhaus
7continents7lawns.com,emotet,2018-11-19,URLhaus
2idiotsandnobusinessplan.com,emotet,2018-11-19,URLhaus
23606.xc.wenpie.com,emotet,2018-11-19,URLhaus
23243.xc.05cg.com,emotet,2018-11-19,URLhaus
compassionatecarejupiter.com,emotet,2018-11-19,URLhaus
wilyam30.ddns.net,njrat,2018-11-19,ScumBots
datat.info,amadey,2018-11-19,CyberCrime
weekskypp.hopto.org,nanocore,2018-11-19,ScumBots
baangcreativa.net,emotet,2018-11-19,URLhaus
bani.biz-shop.pro,emotet,2018-11-19,URLhaus
biz-shop.pro,emotet,2018-11-19,URLhaus
carbonlooptechnologies.com,emotet,2018-11-19,URLhaus
ccash.xyz,emotet,2018-11-19,URLhaus
mtsoft.com.tr,emotet,2018-11-19,URLhaus
test.mira-mila.ru,emotet,2018-11-19,URLhaus
venoblack.com,pony,2018-11-19,CyberCrime
kyllborena.com,gozi,2018-11-19,URLhaus
kalrobotics.tech,troldesh,2018-11-19,URLhaus
compagnons-alzheimer.com,troldesh,2018-11-19,URLhaus
friendsfirst.online,troldesh,2018-11-19,URLhaus
afan.xin,heodo,2018-11-19,URLhaus
jsvshipping.co.in,remcos,2018-11-19,URLhaus
zeronde.in,azorult,2018-11-19,URLhaus
itachituff.duckdns.org,njrat,2018-11-18,ScumBots
sham053rame.ddns.net,njrat,2018-11-18,ScumBots
mr-f7l.ddns.net,njrat,2018-11-18,ScumBots
morfey.myftp.org,revenge,2018-11-18,ScumBots
daddyup.ddns.net,nanocore,2018-11-17,ScumBots
niceforyou.cf,pony,2018-11-17,CyberCrime
chinadialyuse.com,azorult,2018-11-17,CyberCrime
alta-brasiil.com,pony,2018-11-17,CyberCrime
nnpcgroupjvops.com,pony,2018-11-17,CyberCrime
5raaa3leeek.ddns.net,njrat,2018-11-17,ScumBots
vmv888.bit,azorult,2018-11-17,Benkow
mnahel.com,netwire,2018-11-17,URLhaus
banjojimonline.com,troldesh,2018-11-17,URLhaus
javcoservices.com,troldesh,2018-11-17,URLhaus
k420a.ddns.net,njrat,2018-11-17,ScumBots
sadsadsad.ddns.net,njrat,2018-11-16,ScumBots
clinicanatur.com.br,emotet,2018-11-16,URLhaus
sadsad.ddns.net,njrat,2018-11-16,ScumBots
sadsad.no-ip.org,njrat,2018-11-16,ScumBots
dishsouq.com,troldesh,2018-11-16,URLhaus
donghakacademy.ddns.net,gandcrab,2018-11-16,URLhaus
osslusturv.com,gozi,2018-11-16,URLhaus
deluns.pw,imminentrat,2018-11-16,URLhaus
45tuyr.site,diamondfox,2018-11-16,ScumBots
antipet.website,diamondfox,2018-11-16,ScumBots
windowsdwm.ddns.net,njrat,2018-11-16,ScumBots
edumonte.ir,pony,2018-11-16,Benkow
lootototic.com,ursnif,2018-11-16,URLhaus
littlepeonyphotos.ru,emotet,2018-11-16,URLhaus
leveleservizimmobiliari.it,nanocore,2018-11-16,URLhaus
mcc.pe,emotet,2018-11-16,URLhaus
ellaupperhill.com,emotet,2018-11-16,URLhaus
crosslife.life,emotet,2018-11-16,URLhaus
roads.stamperinc.org,danabot,2018-11-16,URLhaus
qwerty12346.ru,godzilla,2018-11-16,CyberCrime
dandav.com.ng,stealer,2018-11-16,CyberCrime
klimahavalandirma.com.tr,emotet,2018-11-16,URLhaus
icart.lk,emotet,2018-11-16,URLhaus
fashionandhomestyle.com,emotet,2018-11-16,URLhaus
thienuyscit.com,emotet,2018-11-16,URLhaus
m777662112.ddns.net,njrat,2018-11-15,ScumBots
aavasolution.com,emotet,2018-11-15,URLhaus
dmdream.info,emotet,2018-11-15,URLhaus
blacharhost.com,emotet,2018-11-15,URLhaus
thenewerabeauty.com,emotet,2018-11-15,URLhaus
ulukantasarim.com,emotet,2018-11-15,URLhaus
docusign.delivery,trickbot,2018-11-15,URLhaus
help-roro.gq,azorult,2018-11-15,URLhaus
hermes.travel.pl,azorult,2018-11-15,URLhaus
infozine.aeg-buchholz.de,emotet,2018-11-15,URLhaus
alippo.ddns.net,njrat,2018-11-15,ScumBots
kristiansund-gravstein.no,emotet,2018-11-15,URLhaus
jimmysbait.haroocreative.com,emotet,2018-11-15,URLhaus
amazingfivucom.us,emotet,2018-11-15,URLhaus
faschinggilde.at,emotet,2018-11-15,URLhaus
lbappstr.com,emotet,2018-11-15,URLhaus
decristo.org,emotet,2018-11-15,URLhaus
safekro.com,formbook,2018-11-15,URLhaus
priintzone.com,emotet,2018-11-15,URLhaus
movingmountainsfoods.com,trickbot,2018-11-15,URLhaus
ellauni.the91s.com,emotet,2018-11-15,URLhaus
aurokids.ru,emotet,2018-11-15,URLhaus
fesya2020.com,emotet,2018-11-15,URLhaus
edtrust.katehuntwebdesign.com,emotet,2018-11-15,URLhaus
mmk.kim,emotet,2018-11-15,URLhaus
skincare-try.com,emotet,2018-11-15,URLhaus
xn--70-jlc6aj.xn--p1ai,emotet,2018-11-15,URLhaus
abdullahsheikh.info,emotet,2018-11-15,URLhaus
controldeplagasformentera.com,emotet,2018-11-15,URLhaus
bsgrus.ru,emotet,2018-11-15,URLhaus
poddbs.com,emotet,2018-11-15,URLhaus
yagucharus.com,ursnif,2018-11-15,URLhaus
scopoeidid.com,ursnif,2018-11-15,URLhaus
zatewitsuk.com,ursnif,2018-11-15,URLhaus
ninasukash.com,gozi,2018-11-15,URLhaus
proarchiland.ru,emotet,2018-11-15,URLhaus
uniquebhutan.com,heodo,2018-11-15,URLhaus
themexoneonline.me,lokibot,2018-11-15,URLhaus
jelouslaodnn.org,kpot,2018-11-15,CyberCrime
ikingsuni.com,kpot,2018-11-15,CyberCrime
citypizza.gq,kpot,2018-11-15,CyberCrime
coralex.io,kpot,2018-11-15,CyberCrime
rumpunbudiman.com,emotet,2018-11-15,URLhaus
illyance-com.changeprohosting.com,emotet,2018-11-15,URLhaus
mrlupoapparel.com,emotet,2018-11-15,URLhaus
lensajalanjalan.com,emotet,2018-11-15,URLhaus
costcllc.com,emotet,2018-11-15,URLhaus
microjobengine.info,emotet,2018-11-15,URLhaus
vaheracouncil.com,emotet,2018-11-15,URLhaus
takaraphotography.com,heodo,2018-11-15,URLhaus
simplemakemoneyonline.com,heodo,2018-11-15,URLhaus
teamincubation.org,heodo,2018-11-15,URLhaus
hmdrnuks.gotdns.ch,njrat,2018-11-15,ScumBots
hackingloading157.ddns.net,njrat,2018-11-15,ScumBots
the-don187.publicvm.com,njrat,2018-11-15,ScumBots
afrorelationships.com,emotet,2018-11-15,URLhaus
imsmakine.com,emotet,2018-11-15,URLhaus
assistivehealthsystems.com,emotet,2018-11-15,URLhaus
obasalon.com,emotet,2018-11-15,URLhaus
a-19.ru,emotet,2018-11-15,URLhaus
historymo.ru,emotet,2018-11-15,URLhaus
bizi-ss.com,emotet,2018-11-15,URLhaus
empleohoy.mx,emotet,2018-11-15,URLhaus
mickpomortsev.ru,emotet,2018-11-15,URLhaus
batdongsanhuyphat68.com,emotet,2018-11-15,URLhaus
beeallinone.co.uk,emotet,2018-11-15,URLhaus
m3produtora.com,emotet,2018-11-15,URLhaus
ddaynew.5demo.xyz,emotet,2018-11-15,URLhaus
karaoke-flat.com,emotet,2018-11-15,URLhaus
testing.nudev.net,emotet,2018-11-15,URLhaus
bepdepvn.com,emotet,2018-11-15,URLhaus
cosmet-log.com,emotet,2018-11-15,URLhaus
oyokunoshi.com,gozi,2018-11-15,URLhaus
ftp.collabvm.ml,gandcrab,2018-11-15,URLhaus
servis-sto.org,troldesh,2018-11-15,URLhaus
laflamme-heli.com,troldesh,2018-11-15,URLhaus
lloydsbankonline.co.uk,trickbot,2018-11-15,URLhaus
itachikey.hopto.org,njrat,2018-11-14,ScumBots
kroksofteware.club,kpot,2018-11-14,CyberCrime
atlansexpress.com,lokibot,2018-11-14,VirusTracker
hgfitness.info,emotet,2018-11-14,URLhaus
greenboxmedia.center,emotet,2018-11-14,URLhaus
vovsigorta.com,emotet,2018-11-14,URLhaus
sudactionsmedias.com,emotet,2018-11-14,URLhaus
phamfruits.com,emotet,2018-11-14,URLhaus
dairyinputcentre.com,emotet,2018-11-14,URLhaus
kemalerkol.net,emotet,2018-11-14,URLhaus
clubcoras.com,emotet,2018-11-14,URLhaus
motorock.eu,emotet,2018-11-14,URLhaus
mideacapitalholdings.com,emotet,2018-11-14,URLhaus
drmugisha.com,emotet,2018-11-14,URLhaus
java-gold.com,emotet,2018-11-14,URLhaus
camfriendly.com,emotet,2018-11-14,URLhaus
goodwillhospital.org,emotet,2018-11-14,URLhaus
dzunnuroin.org,emotet,2018-11-14,URLhaus
uniquefabsystems.com,emotet,2018-11-14,URLhaus
isoconsultant.org,emotet,2018-11-14,URLhaus
global-dahuatech.com,lokibot,2018-11-14,Benkow
fmlatina.net,emotet,2018-11-14,URLhaus
cuoichutchoi.net,emotet,2018-11-14,URLhaus
supremereborn.online,eredel,2018-11-14,CyberCrime
planetefaune.com,emotet,2018-11-14,URLhaus
866appliance.com,emotet,2018-11-14,URLhaus
pteacademicvoucher.in,emotet,2018-11-14,URLhaus
shajishalom.com,emotet,2018-11-14,URLhaus
diahmarsidi.com,emotet,2018-11-14,URLhaus
pizzeriarondo.si,emotet,2018-11-14,URLhaus
clock.noixun.com,emotet,2018-11-14,URLhaus
ketoanbaotam.com,emotet,2018-11-14,URLhaus
omnigroupcapital.com,emotet,2018-11-14,URLhaus
pdgijember.org,emotet,2018-11-14,URLhaus
moratomengineering.com,emotet,2018-11-14,URLhaus
windowcleaningfortlauderdale.com,emotet,2018-11-14,URLhaus
piller-sg.com,azorult,2018-11-14,Benkow
murderenigma.com,azorult,2018-11-14,Benkow
juzzgzazws.org,anubis,2018-11-14,Benkow
rspl-sg.com,azorult,2018-11-14,CyberCrime
sg-fujitsu.com,azorult,2018-11-14,CyberCrime
slimiyt.us,azorult,2018-11-14,CyberCrime
ldba.cc,kpot,2018-11-14,Benkow
mobilehelpcenter.com,kpot,2018-11-14,Benkow
ms-windows-10.pw,gazorp,2018-11-14,CyberCrime
trombleoff.com,acruxminer,2018-11-14,Benkow
beepro-propolis.com,emotet,2018-11-14,URLhaus
braithwaiterestoration.com,emotet,2018-11-14,URLhaus
vpentimex.com,emotet,2018-11-14,URLhaus
mentor1st.com,emotet,2018-11-14,URLhaus
anayacontracting.ggbro.club,emotet,2018-11-14,URLhaus
giangnguyenreal.com,emotet,2018-11-14,URLhaus
duhocgtc.com,emotet,2018-11-14,URLhaus
miqdad.net,emotet,2018-11-14,URLhaus
mudanzasyserviciosayala.com,emotet,2018-11-14,URLhaus
onlineeregistration.com,emotet,2018-11-14,URLhaus
stud100.biz,emotet,2018-11-14,URLhaus
xn------5cdblckbqa2addxix5aoepgkb2ciu.xn--p1ai,emotet,2018-11-14,URLhaus
xn--28-vlc2ak.xn--p1ai,emotet,2018-11-14,URLhaus
rtodealeradsforless.com,emotet,2018-11-14,URLhaus
showersw.com,emotet,2018-11-14,URLhaus
webmadrasa.com,emotet,2018-11-14,URLhaus
squamishplumbing.ca,emotet,2018-11-14,URLhaus
math-elearning.com,emotet,2018-11-14,URLhaus
free-bitco.online,pony,2018-11-14,CyberCrime
clubdemadrespompiglos.com,pony,2018-11-14,VirusTracker
woodkids.fun,emotet,2018-11-13,URLhaus
fenicerosa.com,heodo,2018-11-13,URLhaus
ntslab.pl,emotet,2018-11-13,URLhaus
tastamar.com,emotet,2018-11-13,URLhaus
xn--------5vemb9cdabihb4bclaglcbccigolbem0aeqofk4mwa6ldq.xn--80adxhks,emotet,2018-11-13,URLhaus
app.hawzentr.com,emotet,2018-11-13,URLhaus
vspirelab.com,emotet,2018-11-13,URLhaus
eccdetailing.com,emotet,2018-11-13,URLhaus
invest.hawzentr.com,emotet,2018-11-13,URLhaus
juegosaleo.com,emotet,2018-11-13,URLhaus
medresearchgroup.com,emotet,2018-11-13,URLhaus
litmuseum.kz,emotet,2018-11-13,URLhaus
akucakep.com,emotet,2018-11-13,URLhaus
uch.my.to,lokibot,2018-11-13,URLhaus
stroy.th12dev.com,troldesh,2018-11-13,URLhaus
file.buttsdki.ca,ursnif,2018-11-13,URLhaus
morghabtour.com,emotet,2018-11-13,URLhaus
locas1.ddns.net,njrat,2018-11-13,ScumBots
gapple39.ru,emotet,2018-11-13,URLhaus
aspcindia.com,emotet,2018-11-13,URLhaus
polka32.ru,emotet,2018-11-13,URLhaus
growthfunnels.com.au,emotet,2018-11-13,URLhaus
firstlunch.ru,emotet,2018-11-13,URLhaus
bantil.us,pony,2018-11-13,VirusTracker
naimalsadi.com,emotet,2018-11-13,URLhaus
mindhak.com,emotet,2018-11-13,URLhaus
booku.us,retefe,2018-11-13,URLhaus
pensionhinterhofer.at,emotet,2018-11-13,URLhaus
stefanobaldini.net,emotet,2018-11-13,URLhaus
altitudpublicidad.com,emotet,2018-11-13,URLhaus
marconiliqhting.com,lokibot,2018-11-13,Benkow
yyttrrrhhhffff.info,azorult,2018-11-13,Benkow
keytrxlink.xyz,pony,2018-11-13,Benkow
baptistfoundationcalifornia.com,ursnif,2018-11-13,URLhaus
alaweercapital.com,troldesh,2018-11-13,URLhaus
mkbeauty.ru,emotet,2018-11-13,URLhaus
lasertagnn.ru,emotet,2018-11-13,URLhaus
pravokld.ru,emotet,2018-11-13,URLhaus
kapitanbomba.hopto.org,njrat,2018-11-13,URLhaus
share.dmca.gripe,pony,2018-11-13,URLhaus
ldrldr.icu,njrat,2018-11-13,URLhaus
onixoino.ddns.net,nanocore,2018-11-13,ScumBots
sharpdeanne.com,emotet,2018-11-13,URLhaus
yogahuongthaogovap.com,emotet,2018-11-13,URLhaus
sahinhurdageridonusum.net,emotet,2018-11-13,URLhaus
hackerwin.ddns.net,njrat,2018-11-13,ScumBots
shopstudio.at,emotet,2018-11-12,URLhaus
songpan.link,emotet,2018-11-12,URLhaus
zhongguo114.net,emotet,2018-11-12,URLhaus
suzukicibubur.com,emotet,2018-11-12,URLhaus
agulhasnaja.com.br,emotet,2018-11-12,URLhaus
grafgeo.ru,emotet,2018-11-12,URLhaus
docs.crackforest.com,emotet,2018-11-12,URLhaus
centristcorner.co.in,emotet,2018-11-12,URLhaus
arbaniwisata.com,emotet,2018-11-12,URLhaus
kenweb.co.nz,emotet,2018-11-12,URLhaus
ibws.ca,emotet,2018-11-12,URLhaus
marjanschonenberg.nl,emotet,2018-11-12,URLhaus
hydromc.ru,emotet,2018-11-12,URLhaus
site.2zzz.ru,amadey,2018-11-12,CyberCrime
75733.prohoster.biz,arkei,2018-11-12,Benkow
statsrichwork.com,arkei,2018-11-12,Benkow
ti-film.com,lokibot,2018-11-12,CyberCrime
kafkeer.net,emotet,2018-11-12,URLhaus
ecconom.ru,emotet,2018-11-12,URLhaus
iepedacitodecielo.edu.co,emotet,2018-11-12,URLhaus
colexpresscargo.com,emotet,2018-11-12,URLhaus
lesbonsbras.com,emotet,2018-11-12,URLhaus
shoppingcartsavings.com,emotet,2018-11-12,URLhaus
malchiki-po-vyzovu-moskva.company,emotet,2018-11-12,URLhaus
mwhite.ru,emotet,2018-11-12,URLhaus
gtalarm.hu,emotet,2018-11-12,URLhaus
jake1234.ddns.net,nanocore,2018-11-11,ScumBots
projektex.com,formbook,2018-11-11,URLhaus
rockwalljobs.com,heodo,2018-11-11,URLhaus
norraphotographer.com,heodo,2018-11-11,URLhaus
iclikoftesiparisalinir.com,heodo,2018-11-11,URLhaus
waraboo.com,heodo,2018-11-11,URLhaus
ogkush.ddns.net,nanocore,2018-11-11,ScumBots
nixonhabbo.duckdns.org,njrat,2018-11-11,ScumBots
paoduenti.duckdns.org,njrat,2018-11-11,ScumBots
canoninstant.com,formbook,2018-11-11,URLhaus
systen32.ddns.net,nanocore,2018-11-10,ScumBots
skynipit.ddns.net,nanocore,2018-11-10,ScumBots
gucciai.net,amadey,2018-11-10,Benkow
warunknasakita.co.id,lokibot,2018-11-10,URLhaus
freebox34.ddns.net,njrat,2018-11-10,ScumBots
rzkfofo.no-ip.org,njrat,2018-11-10,ScumBots
ymams.cf,lokibot,2018-11-10,CyberCrime
pchack.zapto.org,njrat,2018-11-10,ScumBots
maim.at,heodo,2018-11-09,URLhaus
hire-van.com,emotet,2018-11-09,URLhaus
coronatec.com.br,emotet,2018-11-09,URLhaus
rshack.ddns.net,njrat,2018-11-09,ScumBots
ers-technologies.com,heodo,2018-11-09,URLhaus
aulbros.com,emotet,2018-11-09,URLhaus
pistola404.duckdns.org,njrat,2018-11-09,ScumBots
uc-olimp.ru,emotet,2018-11-09,URLhaus
amoos.co.id,lokibot,2018-11-09,URLhaus
cythromatt.com,ursnif,2018-11-09,URLhaus
podylostol.com,ursnif,2018-11-09,URLhaus
yukmapan.com,heodo,2018-11-09,URLhaus
steelbarsshop.com,heodo,2018-11-09,URLhaus
souqchatbot.com,heodo,2018-11-09,URLhaus
destrox60.ddns.net,njrat,2018-11-09,ScumBots
priscawrites.com,emotet,2018-11-09,URLhaus
xn----etbgbwdhbuf3am6n.xn--p1ai,emotet,2018-11-09,URLhaus
framecraze.com,heodo,2018-11-09,URLhaus
helpingblogger.com,heodo,2018-11-09,URLhaus
retro-jordans-for-sale.com,heodo,2018-11-09,URLhaus
emark4sudan.com,heodo,2018-11-09,URLhaus
mosti-tonneli.ru,heodo,2018-11-09,URLhaus
elom.su,emotet,2018-11-08,URLhaus
ipuclascolinas.com,emotet,2018-11-08,URLhaus
esinseyrek.com,heodo,2018-11-08,URLhaus
bebechas.com,heodo,2018-11-08,URLhaus
aonespot.com,heodo,2018-11-08,URLhaus
canguakho.net,heodo,2018-11-08,URLhaus
avprotect.club,nanocore,2018-11-08,URLhaus
bdt.org.br,emotet,2018-11-08,URLhaus
smilerryan.com,darkcomet,2018-11-08,URLhaus
helpdeskfixer.com,emotet,2018-11-08,URLhaus
e-zoom.mobi,emotet,2018-11-08,URLhaus
phaimanhdanong.com,emotet,2018-11-08,URLhaus
bundleddeal.com,emotet,2018-11-08,URLhaus
adtsmartsecurity.com,emotet,2018-11-08,URLhaus
effluxmedia.com,emotet,2018-11-08,URLhaus
traucotravel.com,lokibot,2018-11-08,Benkow
uvurinestl.com,ursnif,2018-11-08,URLhaus
roidlandev.com,ursnif,2018-11-08,URLhaus
ostrolista.com,ursnif,2018-11-08,URLhaus
furacao.ddns.net,njrat,2018-11-08,ScumBots
tsq-hk.com,lokibot,2018-11-08,Benkow
zereocompany.com,lokibot,2018-11-08,Benkow
viettrust-vn.net,lokibot,2018-11-08,Benkow
gtworldacademy.webhibe.com,emotet,2018-11-08,URLhaus
emms.ro,heodo,2018-11-08,URLhaus
smartshopas.lt,heodo,2018-11-08,URLhaus
contactmadarauchiha.ddns.net,njrat,2018-11-08,ScumBots
gpmdeveloper.com,heodo,2018-11-07,URLhaus
2itchyfeets.com,heodo,2018-11-07,URLhaus
brenterprise.info,heodo,2018-11-07,URLhaus
bleuhey.ng,heodo,2018-11-07,URLhaus
sempatikopekoteli.com,heodo,2018-11-07,URLhaus
baglung.net,heodo,2018-11-07,URLhaus
asint.info,heodo,2018-11-07,URLhaus
fundacioncreatalento.org,heodo,2018-11-07,URLhaus
asianint.info,heodo,2018-11-07,URLhaus
diamondlanka.info,heodo,2018-11-07,URLhaus
osads.ddns.net,njrat,2018-11-07,ScumBots
beicapellipdx.com,heodo,2018-11-07,URLhaus
amenterprise.info,emotet,2018-11-07,URLhaus
cisnecosmetics.com.br,emotet,2018-11-07,URLhaus
jiahaemino.com,tesla,2018-11-07,URLhaus
gleventslive.com.br,pony,2018-11-07,Benkow
alitamo.us,gootkit,2018-11-07,URLhaus
lavery-ca.com,lokibot,2018-11-07,Benkow
tipsrohani.com,emotet,2018-11-07,URLhaus
neogroup.io,emotet,2018-11-07,URLhaus
kumkmbandung.com,emotet,2018-11-07,URLhaus
casamagna.mx,emotet,2018-11-07,URLhaus
grupoperezdevargas.com,emotet,2018-11-07,URLhaus
hhnnss.ddns.net,njrat,2018-11-07,ScumBots
shumbildac.com,ursnif,2018-11-07,URLhaus
youngprosperity.uk,heodo,2018-11-07,URLhaus
onedrive.one,kpot,2018-11-07,Benkow
modifymon.bit,azorult,2018-11-07,Benkow
truesigma.wales,anubis,2018-11-07,Benkow
randomsage.work,anubis,2018-11-07,Benkow
dopingself.cymru,anubis,2018-11-07,Benkow
ph0en1x.tk,kpot,2018-11-07,Benkow
sajdlasjeu129.org,kpot,2018-11-07,Benkow
proligth.bit,azorult,2018-11-07,Benkow
downladoswindows.biz,azorult,2018-11-07,Benkow
waresustem.info,kpot,2018-11-07,Benkow
projectkanor.bit,azorult,2018-11-07,Benkow
eth1cal.xyz,azorult,2018-11-07,Benkow
popandshop.ru,smokeloader,2018-11-07,Benkow
crazyfasting.icu,anubis,2018-11-07,Benkow
aviatorssm.bit,azorult,2018-11-07,Benkow
billdrop.la,anubis,2018-11-07,Benkow
eurekalogistics.co.id,emotet,2018-11-07,URLhaus
jobarba.com,emotet,2018-11-07,URLhaus
relogiostore.com,emotet,2018-11-07,URLhaus
dol.dance,emotet,2018-11-07,URLhaus
tempodecelebrar.org.br,heodo,2018-11-07,URLhaus
jaonangnoy.com,heodo,2018-11-07,URLhaus
fromjoy.fr,heodo,2018-11-07,URLhaus
gurkerwirt.at,heodo,2018-11-07,URLhaus
anyes.com.cn,heodo,2018-11-07,URLhaus
numidiatalent.com,heodo,2018-11-07,URLhaus
patoimpex.com,nanocore,2018-11-07,URLhaus
itachituff.hopto.org,njrat,2018-11-06,ScumBots
ashtangafor.life,emotet,2018-11-06,URLhaus
feratotogaz.com,emotet,2018-11-06,URLhaus
rqtradingcompany.com,lokibot,2018-11-06,URLhaus
jok3r-dx.ddns.net,njrat,2018-11-06,ScumBots
sastudio.co,emotet,2018-11-06,URLhaus
aldo.jplms.com.au,emotet,2018-11-06,URLhaus
luizinhoxd.duckdns.org,njrat,2018-11-06,ScumBots
blessedgui.desi,lokibot,2018-11-06,URLhaus
formypimples.com,remcos,2018-11-06,URLhaus
sleepybearcreations.com,emotet,2018-11-06,URLhaus
learn.jerryxu.cn,emotet,2018-11-06,URLhaus
alhussainchargha.com,emotet,2018-11-06,URLhaus
seo1mexico.com,emotet,2018-11-06,URLhaus
pilewitene.com,ursnif,2018-11-06,URLhaus
hutedredea.com,ursnif,2018-11-06,URLhaus
hleshutters.nl,emotet,2018-11-06,URLhaus
royalsecurityinc.com,emotet,2018-11-06,URLhaus
staging.bridgecode.co.uk,emotet,2018-11-06,URLhaus
1412studiodm.com,emotet,2018-11-06,URLhaus
sicfms.com,emotet,2018-11-06,URLhaus
mrdcontact.com,remcos,2018-11-06,URLhaus
njrattestone.ddns.net,njrat,2018-11-06,ScumBots
avo23.ddns.net,njrat,2018-11-06,ScumBots
ougadikhalkhuntec.nl,formbook,2018-11-06,URLhaus
tarajidawla.hopto.org,njrat,2018-11-06,ScumBots
notehashtom.ir,heodo,2018-11-05,URLhaus
balispadallas.com,heodo,2018-11-05,URLhaus
anoanoano.ddns.net,njrat,2018-11-05,ScumBots
mrcruzx.zapto.org,njrat,2018-11-05,ScumBots
avo4.ddns.net,nanocore,2018-11-05,ScumBots
sh2017.chancemkt.com,emotet,2018-11-05,URLhaus
tlextreme.com,emotet,2018-11-05,URLhaus
textilekey.com,netwire,2018-11-05,URLhaus
politiaromana.redirectme.net,njrat,2018-11-05,ScumBots
blendzy.duckdns.org,njrat,2018-11-05,ScumBots
hsbcdocuments.net,trickbot,2018-11-05,URLhaus
suggenesse.com,ursnif,2018-11-05,URLhaus
nosenessel.com,ursnif,2018-11-05,URLhaus
whiskeywed.com,retefe,2018-11-05,URLhaus
klothez.com,lokibot,2018-11-05,URLhaus
micropcsystem.com,netwire,2018-11-05,URLhaus
getsee.services,azorult,2018-11-05,URLhaus
seko.zapto.org,njrat,2018-11-05,ScumBots
fortoriko.ddns.net,njrat,2018-11-04,ScumBots
btcx4.com,njrat,2018-11-04,URLhaus
zentune.sytes.net,nanocore,2018-11-04,ScumBots
sys.dynu.com,njrat,2018-11-04,ScumBots
noidea.hopto.org,njrat,2018-11-03,ScumBots
bookmeguide.com,azorult,2018-11-03,URLhaus
zenzen15.ddns.net,nanocore,2018-11-03,ScumBots
wiedmeierlauren.pserver.ru,azorult,2018-11-03,URLhaus
jessiisda.duckdns.org,njrat,2018-11-03,ScumBots
otmess.ddns.net,njrat,2018-11-03,ScumBots
jouaycha.myftp.org,njrat,2018-11-02,ScumBots
services-besson.org,pony,2018-11-02,CyberCrime
remas-tr.com,imminentrat,2018-11-02,URLhaus
getvid.pw,lokibot,2018-11-02,URLhaus
glluttbad.us,formbook,2018-11-02,URLhaus
mohamedsaeed.ddns.net,nanocore,2018-11-02,ScumBots
pirmary.dynu.net,nanocore,2018-11-02,ScumBots
holymoly.ddns.net,njrat,2018-11-02,ScumBots
freenjrat13.ddns.net,njrat,2018-11-02,ScumBots
iloveassholes.ddns.net,njrat,2018-11-02,ScumBots
onl.dongphuchaianh.vn,quasar,2018-11-02,URLhaus
topdottourism.co.za,nanocore,2018-11-02,URLhaus
ceoseguros.com,imminentrat,2018-11-01,URLhaus
abachereku.bid,lokibot,2018-11-01,CyberCrime
rextaeri.bid,lokibot,2018-11-01,CyberCrime
crematopy.bid,formbook,2018-11-01,URLhaus
crococreativeco.work,azorult,2018-11-01,URLhaus
idontknow.moe,lokibot,2018-11-01,URLhaus
mairetazmaop.com,formbook,2018-11-01,URLhaus
becker-tm.org,netwire,2018-11-01,URLhaus
nworldorg.com,remcos,2018-11-01,URLhaus
treshbux.ru,pony,2018-10-31,CyberCrime
cindysonam.org,azorult,2018-10-31,URLhaus
pokhnaljank.com,lokibot,2018-10-31,URLhaus
sfbotvinnik.icu,citadel,2018-10-31,URLhaus
neudimensions.com,tesla,2018-10-31,URLhaus
itsmetees.com,tesla,2018-10-31,URLhaus
uppervalleyrainbowconnection.com,sload,2018-10-31,URLhaus
discountlightingfixtures.us,sload,2018-10-31,URLhaus
a.doko.moe,lokibot,2018-10-31,URLhaus
e.coka.la,formbook,2018-10-31,URLhaus
martenod.com,ursnif,2018-10-31,URLhaus
aedictiect.com,ursnif,2018-10-31,URLhaus
oceanicproducts.eu,tesla,2018-10-31,URLhaus
updateadovesettings.io,xtrat,2018-10-31,URLhaus
weamosicad.com,gozi,2018-10-31,URLhaus
mobilethemesnlivewallpaper.com,trickbot,2018-10-31,URLhaus
euromouldings.cf,tesla,2018-10-31,URLhaus
aboam.pw,formbook,2018-10-31,URLhaus
wolthorifi.com,gozi,2018-10-31,URLhaus
yaticaterm.com,gozi,2018-10-31,URLhaus
halsmku.com,netwire,2018-10-31,URLhaus
dodhmlaethandi.com,azorult,2018-10-31,URLhaus
mypanell.online,azorult,2018-10-31,URLhaus
uneargo.com,tesla,2018-10-31,URLhaus
minerways.xyz,autoit,2018-10-31,URLhaus
cagrario.com,retefe,2018-10-31,URLhaus
sweetturningfirm.work,azorult,2018-10-31,URLhaus
dresson1.com,lokibot,2018-10-29,CyberCrime
supportprotect.pw,rarog,2018-10-29,CyberCrime
thegims.com,pony,2018-10-29,CyberCrime
deeprootministry.org,pony,2018-10-29,CyberCrime
ebiz-biz.info,pony,2018-10-29,CyberCrime
friendsgroupsindia.com,pony,2018-10-29,CyberCrime
benplattfan.com,tesla,2018-10-29,CyberCrime
locked.tech,tesla,2018-10-29,CyberCrime
buildentconstructions.com,tesla,2018-10-29,CyberCrime
kontinent.tk,gorynych,2018-10-29,CyberCrime
gmgifts.co.uk,pony,2018-10-29,CyberCrime
gogo.om-nom-nom.li,gazorp,2018-10-29,CyberCrime
alphatradings.co.uk,tesla,2018-10-29,CyberCrime
jetonrouge.co.uk,tesla,2018-10-29,CyberCrime
octap.igg.biz,azorult,2018-10-29,CyberCrime
anchormarineqroup.com,pony,2018-10-29,CyberCrime
qe.igg.biz,azorult,2018-10-29,CyberCrime
rollscar.pk,rarog,2018-10-29,CyberCrime
pandou.top,eredel,2018-10-29,CyberCrime
onlygoodman.com,pony,2018-10-29,CyberCrime
rhombus-rolen.com,pony,2018-10-29,CyberCrime
sulphurrnills.com,pony,2018-10-29,CyberCrime
yadcu-eg.com,pony,2018-10-29,CyberCrime
lights-craft.net,lokibot,2018-10-29,CyberCrime
skyflle.com,lokibot,2018-10-29,CyberCrime
nl63.com,pony,2018-10-29,CyberCrime
lltagrain.com,lokibot,2018-10-29,CyberCrime
goodisgoodter.com,lokibot,2018-10-29,CyberCrime
alpacham.com,lokibot,2018-10-29,CyberCrime
sanapetiope.com,lokibot,2018-10-29,CyberCrime
symbiogonerics.com,pony,2018-10-29,CyberCrime
satyainltd.com,pony,2018-10-29,CyberCrime
bregreup.com,pony,2018-10-29,CyberCrime
uavlab.am,pony,2018-10-29,CyberCrime
ragasgki.gq,lokibot,2018-10-29,CyberCrime
rocketlog.info,tesla,2018-10-29,CyberCrime
freightagents.net,stealer,2018-10-29,CyberCrime
o99601n0.beget.tech,predatorthethief,2018-10-29,CyberCrime
servop.3utilities.com,pony,2018-10-29,CyberCrime
jopqw.000webhostapp.com,n0f1l3,2018-10-29,CyberCrime
filedetutunkurutma.com,pony,2018-10-29,CyberCrime
evgeciaro.com,pony,2018-10-29,CyberCrime
o2x9.ml,azorult,2018-10-29,CyberCrime
btntddos.xyz,blue,2018-10-29,CyberCrime
hamsterman.pw,gazorp,2018-10-29,CyberCrime
tekinkgroup.com,pony,2018-10-29,CyberCrime
srgnn.in,pony,2018-10-29,CyberCrime
dvpont.com,pony,2018-10-29,CyberCrime
alanseemdairy.com,pony,2018-10-29,CyberCrime
abehsain.com,pony,2018-10-29,CyberCrime
aairegroupindia.com,pony,2018-10-29,CyberCrime
fishhd.cn,pony,2018-10-29,CyberCrime
panasonics.org,tesla,2018-10-29,CyberCrime
behumb.com,tesla,2018-10-29,CyberCrime
kohfaih.com,tesla,2018-10-29,CyberCrime
theonlygoodman.com,lokibot,2018-10-29,CyberCrime
e910005o.beget.tech,gazorp,2018-10-29,CyberCrime
azorul.tk,gazorp,2018-10-29,CyberCrime
azor.pw,gazorp,2018-10-29,CyberCrime
mabuhaymarlne.com,lokibot,2018-10-29,CyberCrime
tratata.zeleboba.in,gazorp,2018-10-29,CyberCrime
askfor.kl.com.ua,gazorp,2018-10-29,CyberCrime
venividivici.host,tesla,2018-10-29,CyberCrime
mrekatou.beget.tech,enlightened,2018-10-29,CyberCrime
mirka-sg.com,lokibot,2018-10-29,CyberCrime
triplee.ru,pony,2018-10-29,CyberCrime
mindslaver.com,lokibot,2018-10-29,CyberCrime
main.podcastim.net,lokibot,2018-10-29,CyberCrime
lopdent.club,lokibot,2018-10-29,CyberCrime
logs.fttrnas.com,lokibot,2018-10-29,CyberCrime
kennycarson.info,lokibot,2018-10-29,CyberCrime
kasongogold.com,lokibot,2018-10-29,CyberCrime
gebbatrip.club,lokibot,2018-10-29,CyberCrime
eurotexifilati.com,lokibot,2018-10-29,CyberCrime
chiddy.baxishop.ro,lokibot,2018-10-29,CyberCrime
qqqqtt.000webhostapp.com,n0f1l3,2018-10-29,CyberCrime
cinarlastik.com.tr,zeus,2018-10-29,CyberCrime
runtimebroker.pw,litehttp,2018-10-29,CyberCrime
point-rewards.com,litehttp,2018-10-29,CyberCrime
wqrwrwqr.myarena.ru,gorynych,2018-10-29,CyberCrime
500aevolam.com,blue,2018-10-29,CyberCrime
l1r.org,pony,2018-10-29,CyberCrime
scopesports.net,pony,2018-10-29,CyberCrime
fuck-killz.ru,pony,2018-10-29,CyberCrime
projetojr.com.br,tesla,2018-10-29,CyberCrime
wedrr.ga,pony,2018-10-29,CyberCrime
rilbcable.com,pony,2018-10-29,CyberCrime
areablankserver.tk,litehttp,2018-10-29,CyberCrime
mkboss.ml,pony,2018-10-29,CyberCrime
dwnowx.net,pony,2018-10-29,CyberCrime
gossipexpert.com,pony,2018-10-29,CyberCrime
modestclouds.eu,lokibot,2018-10-29,CyberCrime
altaria.in,azorult,2018-10-29,CyberCrime
very.ruvmp.ru,quant,2018-10-29,CyberCrime
wwwaaawww.top,xkeyscore,2018-10-29,CyberCrime
jaobhaezrasam.com,lokibot,2018-10-29,CyberCrime
tolain.ru,pony,2018-10-29,CyberCrime
joxax.privatedocuments.site,keybase,2018-10-29,CyberCrime
x16.life,kpot,2018-10-29,CyberCrime
molcarjo.com,lokibot,2018-10-29,CyberCrime
mercuriocomunicacao.com,tesla,2018-10-29,CyberCrime
tta.jo,pony,2018-10-29,CyberCrime
kiemhieptinh.mobi,vertexnet,2018-10-29,CyberCrime
etete.eu,zeus,2018-10-29,CyberCrime
diazepo.com,pony,2018-10-29,CyberCrime
salankophenk.com,tesla,2018-10-29,CyberCrime
chanjrandalo.com,tesla,2018-10-29,CyberCrime
amurehotel.mn,pony,2018-10-29,CyberCrime
ark.treassurebank.org,pony,2018-10-29,CyberCrime
deloilte.com,lokibot,2018-10-29,CyberCrime
support-office365.date,lokibot,2018-10-29,CyberCrime
tpended.xyz,lokibot,2018-10-29,CyberCrime
rockiv.com,formbook,2018-10-29,CyberCrime
spajor.com,formbook,2018-10-29,CyberCrime
telcolaj.com,formbook,2018-10-29,CyberCrime
weltho.com,formbook,2018-10-29,CyberCrime
wesdthg.com,formbook,2018-10-29,CyberCrime
vaxosyk.com,formbook,2018-10-29,CyberCrime
sgnaturn.com,formbook,2018-10-29,CyberCrime
sezop.com,formbook,2018-10-29,CyberCrime
sanitok.com,formbook,2018-10-29,CyberCrime
rotfas.com,formbook,2018-10-29,CyberCrime
regular123.com,formbook,2018-10-29,CyberCrime
rapxwo.com,formbook,2018-10-29,CyberCrime
prozirk.com,formbook,2018-10-29,CyberCrime
plodameg.com,formbook,2018-10-29,CyberCrime
paltox.com,formbook,2018-10-29,CyberCrime
ntwireds.com,formbook,2018-10-29,CyberCrime
mansiobbok.com,formbook,2018-10-29,CyberCrime
lyricmes.com,formbook,2018-10-29,CyberCrime
klomaxbv.com,formbook,2018-10-29,CyberCrime
handanzhize.info,formbook,2018-10-29,CyberCrime
hacdop.com,formbook,2018-10-29,CyberCrime
forgnogcy.info,formbook,2018-10-29,CyberCrime
fastmor.com,formbook,2018-10-29,CyberCrime
elsbouse.com,formbook,2018-10-29,CyberCrime
elisoxctez.info,formbook,2018-10-29,CyberCrime
dotcex.com,formbook,2018-10-29,CyberCrime
domarxy.com,formbook,2018-10-29,CyberCrime
dixdiiy.com,formbook,2018-10-29,CyberCrime
discountclicks.info,formbook,2018-10-29,CyberCrime
crakom.com,formbook,2018-10-29,CyberCrime
crakev.com,formbook,2018-10-29,CyberCrime
casineuros.com,formbook,2018-10-29,CyberCrime
cafrol.com,formbook,2018-10-29,CyberCrime
bvasetro.com,formbook,2018-10-29,CyberCrime
bouhuer.com,formbook,2018-10-29,CyberCrime
bleflyyon.com,formbook,2018-10-29,CyberCrime
belownd.com,formbook,2018-10-29,CyberCrime
availables2.com,formbook,2018-10-29,CyberCrime
allixanes.info,formbook,2018-10-29,CyberCrime
akwend.com,formbook,2018-10-29,CyberCrime
91ruitue.com,formbook,2018-10-29,CyberCrime
biznetvigator.ml,pony,2018-10-29,CyberCrime
bingobongo.xyz,azorult,2018-10-29,CyberCrime
corelis.group,lokibot,2018-10-29,CyberCrime
zenshinonline.ru,lokibot,2018-10-29,CyberCrime
nadidetadllar.com,formbook,2018-10-29,CyberCrime
harltdoors.com,lokibot,2018-10-29,CyberCrime
devhaevents.us,lokibot,2018-10-29,CyberCrime
surfsafe.ddns.net,pony,2018-10-29,CyberCrime
soryank.com,formbook,2018-10-29,CyberCrime
kingwolrdtyre.com,pony,2018-10-29,CyberCrime
veilamen.com,pony,2018-10-29,CyberCrime
cellimark.com,pony,2018-10-29,CyberCrime
jvet.club,pony,2018-10-29,CyberCrime
lingaz.com,pony,2018-10-29,CyberCrime
marcabets.in,pony,2018-10-29,CyberCrime
gen5.ga,treasurehunter,2018-10-29,CyberCrime
premierevents.co.zw,lokibot,2018-10-29,CyberCrime
europharmaint.com,lokibot,2018-10-29,CyberCrime
americas-tsubaki-nakashima.com,lokibot,2018-10-29,CyberCrime
greenfleld.com,lokibot,2018-10-29,CyberCrime
ccrushers.site,lokibot,2018-10-29,CyberCrime
saeeaglesgroup.com,lokibot,2018-10-29,CyberCrime
finixgroup.tk,lokibot,2018-10-29,CyberCrime
ekhourkaintazar.com,lokibot,2018-10-29,CyberCrime
pafindo.me,lokibot,2018-10-29,CyberCrime
finixgroup.ml,lokibot,2018-10-29,CyberCrime
sierracontrol.club,lokibot,2018-10-29,CyberCrime
gtrnusa.com,lokibot,2018-10-29,CyberCrime
eastcoastrest.com,lokibot,2018-10-29,CyberCrime
finixgroup.ga,lokibot,2018-10-29,CyberCrime
klpra.com,lokibot,2018-10-29,CyberCrime
dogged.cf,lokibot,2018-10-29,CyberCrime
adrack.us,lokibot,2018-10-29,CyberCrime
vpnserver.sytes.net,pony,2018-10-29,CyberCrime
f-sholding.com,pony,2018-10-29,CyberCrime
emackgranite.com,pony,2018-10-29,CyberCrime
ledteroptyi.xyz,lokibot,2018-10-29,CyberCrime
kurarray.com,lokibot,2018-10-29,CyberCrime
yemuraichahuruva.com,lokibot,2018-10-29,CyberCrime
degea.ga,lokibot,2018-10-29,CyberCrime
semaprin.info,lokibot,2018-10-29,CyberCrime
service-mkjfts.com,betabot,2018-10-29,CyberCrime
news.intertours.org.rs,pony,2018-10-29,CyberCrime
portlovers.usa.cc,lokibot,2018-10-29,CyberCrime
ijelevine.ru,lokibot,2018-10-29,CyberCrime
cn-list.info,pony,2018-10-29,CyberCrime
samnapkach.com,pony,2018-10-29,CyberCrime
ace3.legendsbotnet.live,lokibot,2018-10-29,CyberCrime
safemann.tk,lokibot,2018-10-29,CyberCrime
freefreightquote.net,stealer,2018-10-29,CyberCrime
siyaghasourccing.com,pony,2018-10-29,CyberCrime
getupandcboz.com,lokibot,2018-10-29,CyberCrime
muztarelakop.com,lokibot,2018-10-29,CyberCrime
mazeedkyabar.com,lokibot,2018-10-29,CyberCrime
mabnibatain.com,lokibot,2018-10-29,CyberCrime
kikehraeein.com,lokibot,2018-10-29,CyberCrime
fidingonman.com,lokibot,2018-10-29,CyberCrime
ajibadatzalim.com,lokibot,2018-10-29,CyberCrime
salesgroupmotive.ga,lokibot,2018-10-29,CyberCrime
sertencee.xyz,lokibot,2018-10-29,CyberCrime
jvl-jp.co,lokibot,2018-10-29,CyberCrime
sewangikakao.com,pony,2018-10-29,CyberCrime
insignia.co.mw,pony,2018-10-29,CyberCrime
esperenzaeg.com,pony,2018-10-29,CyberCrime
bosch-pharmia.com,pony,2018-10-29,CyberCrime
gyrnta.com,pony,2018-10-29,CyberCrime
walletcoinminer.com,pony,2018-10-29,CyberCrime
prodcomplast.ro,pony,2018-10-29,CyberCrime
kmnnl.com,pony,2018-10-29,CyberCrime
mail.ahcindia.com,pony,2018-10-29,CyberCrime
thegoldfingerinc.com,pony,2018-10-29,CyberCrime
0day4today.com,betabot,2018-10-29,CyberCrime
smtgo.ga,pony,2018-10-29,CyberCrime
xn--bimain-j17b.com,kpot,2018-10-29,CyberCrime
vkoldru.000webhostapp.com,blue,2018-10-29,CyberCrime
elysium-inc.info,kpot,2018-10-29,CyberCrime
thomsun.ml,lokibot,2018-10-29,CyberCrime
seeyouonlineservice.com,kpot,2018-10-29,CyberCrime
pnp-th.com,pony,2018-10-29,CyberCrime
amatnage.gq,pony,2018-10-29,CyberCrime
jasonetworks.com,stealer,2018-10-29,CyberCrime
wenacompany.com.ng,mailer,2018-10-29,CyberCrime
rmsalf.com,lokibot,2018-10-29,CyberCrime
lnterservice-si.com,pony,2018-10-29,CyberCrime
pivotbilisim.com,pony,2018-10-29,CyberCrime
nnpcaids.com.ng,lokibot,2018-10-29,CyberCrime
itwsaelants.com,pony,2018-10-29,CyberCrime
cbn-ngra.com,pony,2018-10-29,CyberCrime
coteserca.com.co,lokibot,2018-10-29,CyberCrime
bharatenterprise.net,pony,2018-10-29,CyberCrime
unitedlineins.com,pony,2018-10-29,CyberCrime
moep.tk,pony,2018-10-29,CyberCrime
therobot.ga,pony,2018-10-29,CyberCrime
nestorlmports.com,pony,2018-10-29,CyberCrime
malka-reklama.com,pony,2018-10-29,CyberCrime
marketdarkwebs.win,pony,2018-10-29,CyberCrime
vibecore.ml,pony,2018-10-29,CyberCrime
embramedica.com.br,lokibot,2018-10-29,CyberCrime
poweringinfluence.com,lokibot,2018-10-29,CyberCrime
empirestate.ga,hawkeye,2018-10-29,CyberCrime
or-truuce.tk,pony,2018-10-29,CyberCrime
forum.somedizzy.com,lokibot,2018-10-29,CyberCrime
pldtdsll.net,lokibot,2018-10-29,CyberCrime
off335.info,lokibot,2018-10-29,CyberCrime
minoutohd.000webhostapp.com,gorynych,2018-10-29,CyberCrime
typingone.xyz,lokibot,2018-10-29,CyberCrime
odili12.com,gorynych,2018-10-29,CyberCrime
blocomplimited.biz,lokibot,2018-10-29,CyberCrime
studemplo.com,lokibot,2018-10-29,CyberCrime
phcc-india.com,lokibot,2018-10-29,CyberCrime
typrat.club,lokibot,2018-10-29,CyberCrime
addhun.ml,pony,2018-10-29,CyberCrime
claudfx.win,lokibot,2018-10-29,CyberCrime
dandoesinternet.com,lokibot,2018-10-29,CyberCrime
comatprojects.com,lokibot,2018-10-29,CyberCrime
jaygarish.com,lokibot,2018-10-29,CyberCrime
hkenngr.com,lokibot,2018-10-29,CyberCrime
akarcengal.com,pony,2018-10-29,CyberCrime
kikidoyoulabme222.ru,betabot,2018-10-29,CyberCrime
mountsoftt.ru,suprememiner,2018-10-29,CyberCrime
hi-j.com,citadel,2018-10-29,CyberCrime
reveszn.ru,acruxminer,2018-10-29,CyberCrime
yeniyildirimkargo.com.tr,pony,2018-10-29,CyberCrime
snapdealrightnow.com,tesla,2018-10-29,CyberCrime
rdsviewer.com,pony,2018-10-29,CyberCrime
exploitedforums.in,betabot,2018-10-29,CyberCrime
radioebwu.com,pony,2018-10-29,CyberCrime
publicvoicexml.org,pony,2018-10-29,CyberCrime
launchgrowthtoday1.download,lokibot,2018-10-29,CyberCrime
hunterbase.xyz,pony,2018-10-29,CyberCrime
inrzweb.co.uk,pony,2018-10-29,CyberCrime
myofferta.ch,pony,2018-10-29,CyberCrime
firstfive.net,lokibot,2018-10-29,CyberCrime
suplusbless.com,pony,2018-10-29,CyberCrime
ordheet.gq,lokibot,2018-10-29,CyberCrime
katherinajetter.com,lokibot,2018-10-29,CyberCrime
xxfg118.ru,coinminer,2018-10-29,CyberCrime
visitik.men,godzilla,2018-10-29,CyberCrime
crackerme.info,eredel,2018-10-29,CyberCrime
pashafrendley.hr00.ru,loxotronstealer,2018-10-29,CyberCrime
modexintl.xyz,lokibot,2018-10-29,CyberCrime
taughtcom.ga,lokibot,2018-10-29,CyberCrime
younqone.com,tesla,2018-10-29,CyberCrime
daconstructions-ksa.com,lokibot,2018-10-29,CyberCrime
ininox.com,lokibot,2018-10-29,CyberCrime
justpick.pw,lokibot,2018-10-29,CyberCrime
launchgrowthtoday.download,lokibot,2018-10-29,CyberCrime
lionltd.pw,lokibot,2018-10-29,CyberCrime
15cn.ga,tesla,2018-10-29,CyberCrime
rabok.io,tesla,2018-10-29,CyberCrime
micol.date,lokibot,2018-10-29,CyberCrime
magic4.ml,lokibot,2018-10-29,CyberCrime
bfvtbull.tk,pony,2018-10-29,CyberCrime
sunandsand.minnesotacowboy.com,pony,2018-10-29,CyberCrime
antongas-fx.ru,acruxminer,2018-10-29,CyberCrime
woelpuu.com,lokibot,2018-10-29,CyberCrime
winwincustomerservice.com,tesla,2018-10-29,CyberCrime
cloudpoddle.com,tesla,2018-10-29,CyberCrime
equator-motorsport.ml,tesla,2018-10-29,CyberCrime
zeesportvissen.be,lokibot,2018-10-29,CyberCrime
